Rank,Post_title,Page_URL,Views
1,"How to Increase Adiponectin, The Fat Burning Hormone",https://fivejourneys.com/how-to-increase-adiponectin-the-fat-burning-hormone/,2451
2,Here’s How Long It Actually Takes To Heal From Adrenal Fatigue,https://fivejourneys.com/heres-how-long-it-actually-takes-to-heal-from-adrenal-fatigue/,1786
3,10 Foods to Get You in the Mood,https://fivejourneys.com/10-foods-to-get-you-in-the-mood/,1104
4,Broccoli vs. Kale: Which is Better For You?,https://fivejourneys.com/broccoli-vs-kale-which-is-better-for-you/,761
5,Rise and Dine: Where to Find the Best Gluten-Free Breakfast In Boston,https://fivejourneys.com/rise-and-dine-where-to-find-the-best-gluten-free-breakfast-in-boston/,759
6,Power Up Your Cells: A Guide to Cellular Health for Lasting Energy,https://fivejourneys.com/a-guide-to-cellular-health/,608
7,Right Food for Each Phase of Your Menstrual Cycle,https://fivejourneys.com/what-to-eat-during-each-phase-of-your-menstrual-cycle/,606
8,Rebuilding Your Child’s Gut Health After Antibiotics,https://fivejourneys.com/rebuilding-your-childs-gut-health-after-antibiotics/,602
9,The Tropical Elixir: Exploring Coconut Water’s Sexual Benefits,https://fivejourneys.com/coconut-water-sexual-benefits/,485
10,How Cortisol Fuels Sugar Cravings: The Science Behind Your Sweet Tooth,https://fivejourneys.com/sugar-cravings-and-cortisol/,485
11,Best Concierge Medicine In Boston,https://fivejourneys.com/concierge-medicine-boston/,452
12,"Protein Muffins (Zero Gluten, Low-Carb)",https://fivejourneys.com/protein-muffins/,451
13,"5 Root Causes of Sugar Cravings, and How to Get Rid of Them for Good!",https://fivejourneys.com/5-root-causes-of-sugar-cravings-and-how-to-get-rid-of-them-for-good/,416
14,Somebody Feed Phil: A Complete List of Boston-Area Restaurant,https://fivejourneys.com/somebody-feed-phil-boston/,400
15,Matcha and Inflammation: Is Matcha Anti-Inflammatory?,https://fivejourneys.com/is-matcha-anti-inflammatory/,350
16,Healing Inflammation Naturally: A Guide to Using the Paleo Diet,https://fivejourneys.com/heal-inflammation-with-paleo-diet/,292
17,Paleo Pumpkin Bread,https://fivejourneys.com/paleo-pumpkin-bread/,290
18,How to Detox from Radiation: Supporting Your Body in a Modern World,https://fivejourneys.com/how-to-detox-from-radiation/,252
19,How to Increase Leptin Sensitivity: A Guide to Restoring Your Body’s Natural Balance,https://fivejourneys.com/how-to-increase-leptin-sensitivity/,251
20,Biohacking for Menopause: Natural Solutions to Thrive Through the Transition,https://fivejourneys.com/natural-solutions-for-menopause/,195
